PROTOCOL;A_0,1lx;A_1lx;A_10lx;A_100lx;A_1000lx
;;;;;
Type:;LIGHTSOURCE;LIGHTSOURCE;LIGHTSOURCE;LIGHTSOURCE;LIGHTSOURCE
;;;;;
PeakBand:;780 [nm];780 [nm];780 [nm];780 [nm];780 [nm]
BandMin:;380 [nm];380 [nm];380 [nm];380 [nm];380 [nm]
BandMax:;780 [nm];780 [nm];780 [nm];780 [nm];780 [nm]
Resolution:;1 [nm];1 [nm];1 [nm];1 [nm];1 [nm]
;;;;;
BEGIN_DATA;;;;;
380nm;0.00013292;0.00132919;0.01329189;0.13291892;1.32918921
381nm;0.00013583;0.00135830;0.01358297;0.13582967;1.35829674
382nm;0.00013878;0.00138784;0.01387838;0.13878385;1.38783850
383nm;0.00014178;0.00141780;0.01417801;0.14178009;1.41780092
384nm;0.00014482;0.00144821;0.01448211;0.14482112;1.44821116
385nm;0.00014791;0.00147907;0.01479069;0.14790692;1.47906920
386nm;0.00015104;0.00151036;0.01510361;0.15103615;1.51036149
387nm;0.00015421;0.00154209;0.01542088;0.15420880;1.54208801
388nm;0.00015743;0.00157428;0.01574276;0.15742759;1.57427590
389nm;0.00016069;0.00160690;0.01606898;0.16068980;1.60689804
390nm;0.00016400;0.00163997;0.01639968;0.16399680;1.63996798
391nm;0.00016735;0.00167350;0.01673499;0.16734993;1.67349931
392nm;0.00017075;0.00170748;0.01707478;0.17074784;1.70747844
393nm;0.00017419;0.00174192;0.01741919;0.17419189;1.74191895
394nm;0.00017768;0.00177682;0.01776821;0.17768208;1.77682083
395nm;0.00018122;0.00181217;0.01812171;0.18121705;1.81217053
396nm;0.00018480;0.00184798;0.01847982;0.18479816;1.84798160
397nm;0.00018843;0.00188425;0.01884254;0.18842540;1.88425405
398nm;0.00019210;0.00192100;0.01921001;0.19210014;1.92100145
399nm;0.00019582;0.00195820;0.01958197;0.19581967;1.95819665
400nm;0.00019959;0.00199587;0.01995867;0.19958668;1.99586681
401nm;0.00020340;0.00203401;0.02034012;0.20340119;2.03401191
402nm;0.00020726;0.00207262;0.02072618;0.20726184;2.07261839
403nm;0.00021117;0.00211170;0.02111700;0.21116998;2.11169982
404nm;0.00021512;0.00215124;0.02151243;0.21512426;2.15124262
405nm;0.00021913;0.00219127;0.02191274;0.21912739;2.19127395
406nm;0.00022318;0.00223177;0.02231767;0.22317666;2.23176665
407nm;0.00022727;0.00227275;0.02272748;0.22727479;2.27274787
408nm;0.00023142;0.00231419;0.02314190;0.23141905;2.31419046
409nm;0.00023561;0.00235612;0.02356122;0.23561216;2.35612158
410nm;0.00023985;0.00239853;0.02398528;0.23985276;2.39852764
411nm;0.00024414;0.00244141;0.02441409;0.24414087;2.44140865
412nm;0.00024848;0.00248476;0.02484765;0.24847646;2.48476461
413nm;0.00025286;0.00252861;0.02528609;0.25286091;2.52860909
414nm;0.00025729;0.00257293;0.02572929;0.25729285;2.57292851
415nm;0.00026177;0.00261774;0.02617736;0.26177365;2.61773646
416nm;0.00026630;0.00266302;0.02663019;0.26630193;2.66301935
417nm;0.00027088;0.00270879;0.02708791;0.27087908;2.70879076
418nm;0.00027551;0.00275505;0.02755051;0.27550507;2.75505068
419nm;0.00028018;0.00280179;0.02801786;0.28017856;2.80178556
420nm;0.00028490;0.00284901;0.02849009;0.28490089;2.84900895
421nm;0.00028967;0.00289671;0.02896707;0.28967073;2.89670729
422nm;0.00029449;0.00294489;0.02944894;0.29448941;2.94489415
423nm;0.00029936;0.00299357;0.02993570;0.29935695;2.99356952
424nm;0.00030427;0.00304272;0.03042720;0.30427198;3.04271984
425nm;0.00030924;0.00309236;0.03092359;0.30923587;3.09235869
426nm;0.00031425;0.00314249;0.03142486;0.31424860;3.14248604
427nm;0.00031931;0.00319310;0.03193102;0.31931019;3.19310192
428nm;0.00032442;0.00324419;0.03244193;0.32441927;3.24419275
429nm;0.00032958;0.00329577;0.03295772;0.32957721;3.29577209
430nm;0.00033478;0.00334783;0.03347826;0.33478264;3.34782638
431nm;0.00034004;0.00340037;0.03400369;0.34003692;3.40036919
432nm;0.00034534;0.00345340;0.03453401;0.34534005;3.45340051
433nm;0.00035069;0.00350691;0.03506907;0.35069068;3.50690679
434nm;0.00035609;0.00356090;0.03560902;0.35609016;3.56090158
435nm;0.00036154;0.00361537;0.03615371;0.36153713;3.61537132
436nm;0.00036703;0.00367033;0.03670330;0.36703296;3.67032958
437nm;0.00037258;0.00372576;0.03725763;0.37257628;3.72576278
438nm;0.00037817;0.00378168;0.03781685;0.37816845;3.78168451
439nm;0.00038381;0.00383807;0.03838068;0.38380676;3.83806761
440nm;0.00038949;0.00389494;0.03894939;0.38949392;3.89493923
441nm;0.00039523;0.00395229;0.03952286;0.39522858;3.95228580
442nm;0.00040101;0.00401012;0.04010121;0.40101209;4.01012088
443nm;0.00040684;0.00406842;0.04068417;0.40684173;4.06841735
444nm;0.00041272;0.00412719;0.04127189;0.41271888;4.12718876
445nm;0.00041864;0.00418644;0.04186435;0.41864351;4.18643512
446nm;0.00042462;0.00424616;0.04246156;0.42461564;4.24615642
447nm;0.00043064;0.00430635;0.04306353;0.43063527;4.30635268
448nm;0.00043670;0.00436701;0.04367010;0.43670103;4.36701031
449nm;0.00044281;0.00442814;0.04428143;0.44281429;4.42814289
450nm;0.00044897;0.00448974;0.04489737;0.44897368;4.48973685
451nm;0.00045518;0.00455179;0.04551792;0.45517922;4.55179219
452nm;0.00046143;0.00461432;0.04614322;0.46143225;4.61432247
453nm;0.00046773;0.00467731;0.04677314;0.46773141;4.67731413
454nm;0.00047408;0.00474077;0.04740767;0.47407672;4.74076717
455nm;0.00048047;0.00480468;0.04804682;0.48046816;4.80468159
456nm;0.00048690;0.00486904;0.04869044;0.48690438;4.86904382
457nm;0.00049339;0.00493387;0.04933867;0.49338674;4.93386742
458nm;0.00049992;0.00499915;0.04999152;0.49991524;4.99915240
459nm;0.00050649;0.00506489;0.05064885;0.50648852;5.06488519
460nm;0.00051311;0.00513108;0.05131079;0.51310794;5.13107936
461nm;0.00051977;0.00519771;0.05197708;0.51977078;5.19770777
462nm;0.00052648;0.00526480;0.05264798;0.52647976;5.26479755
463nm;0.00053323;0.00533232;0.05332322;0.53323216;5.33232158
464nm;0.00054003;0.00540029;0.05400293;0.54002934;5.40029341
465nm;0.00054687;0.00546871;0.05468713;0.54687130;5.46871305
466nm;0.00055376;0.00553757;0.05537567;0.55375669;5.53756692
467nm;0.00056069;0.00560686;0.05606855;0.56068550;5.60685504
468nm;0.00056766;0.00567658;0.05676577;0.56765774;5.67657739
469nm;0.00057467;0.00574675;0.05746748;0.57467476;5.74674755
470nm;0.00058173;0.00581734;0.05817338;0.58173384;5.81733838
471nm;0.00058883;0.00588835;0.05888350;0.58883499;5.88834988
472nm;0.00059598;0.00595981;0.05959809;0.59598092;5.95980918
473nm;0.00060317;0.00603168;0.06031676;0.60316756;6.03167559
474nm;0.00061040;0.00610398;0.06103976;0.61039762;6.10397623
475nm;0.00061767;0.00617668;0.06176684;0.61766840;6.17668397
476nm;0.00062498;0.00624981;0.06249812;0.62498124;6.24981237
477nm;0.00063234;0.00632336;0.06323361;0.63233615;6.32336145
478nm;0.00063973;0.00639732;0.06397318;0.63973176;6.39731762
479nm;0.00064717;0.00647168;0.06471681;0.64716809;6.47168090
480nm;0.00065465;0.00654645;0.06546451;0.65464513;6.54645127
481nm;0.00066216;0.00662163;0.06621629;0.66216287;6.62162874
482nm;0.00066972;0.00669721;0.06697213;0.66972133;6.69721330
483nm;0.00067732;0.00677319;0.06773191;0.67731914;6.77319140
484nm;0.00068496;0.00684956;0.06849563;0.68495630;6.84956302
485nm;0.00069263;0.00692634;0.06926342;0.69263417;6.92634174
486nm;0.00070035;0.00700350;0.07003500;0.70035004;7.00350042
487nm;0.00070810;0.00708104;0.07081039;0.70810391;7.08103906
488nm;0.00071590;0.00715897;0.07158971;0.71589712;7.15897123
489nm;0.00072373;0.00723728;0.07237283;0.72372834;7.23728335
490nm;0.00073160;0.00731599;0.07315989;0.73159890;7.31598901
491nm;0.00073950;0.00739505;0.07395047;0.73950475;7.39504748
492nm;0.00074745;0.00747450;0.07474499;0.74744995;7.47449948
493nm;0.00075543;0.00755430;0.07554304;0.75543043;7.55430430
494nm;0.00076345;0.00763449;0.07634489;0.76344891;7.63448907
495nm;0.00077150;0.00771504;0.07715040;0.77150402;7.71504024
496nm;0.00077959;0.00779594;0.07795944;0.77959442;7.79594422
497nm;0.00078772;0.00787720;0.07877201;0.78772010;7.87720102
498nm;0.00079588;0.00795882;0.07958824;0.79588242;7.95882421
499nm;0.00080408;0.00804080;0.08040800;0.80408002;8.04080022
500nm;0.00081231;0.00812312;0.08123115;0.81231155;8.12311548
501nm;0.00082058;0.00820578;0.08205784;0.82057836;8.20578356
502nm;0.00082888;0.00828879;0.08288791;0.82887909;8.28879088
503nm;0.00083721;0.00837214;0.08372137;0.83721375;8.37213745
504nm;0.00084558;0.00845581;0.08455810;0.84558097;8.45580971
505nm;0.00085398;0.00853983;0.08539835;0.85398348;8.53983477
506nm;0.00086242;0.00862417;0.08624172;0.86241720;8.62417195
507nm;0.00087088;0.00870885;0.08708848;0.87088484;8.70884838
508nm;0.00087938;0.00879384;0.08793837;0.87938369;8.79383692
509nm;0.00088792;0.00887915;0.08879151;0.88791511;8.87915113
510nm;0.00089648;0.00896478;0.08964777;0.89647775;8.96477745
511nm;0.00090507;0.00905072;0.09050716;0.90507159;9.05071588
512nm;0.00091370;0.00913697;0.09136966;0.91369664;9.13696642
513nm;0.00092235;0.00922352;0.09223516;0.92235155;9.22351550
514nm;0.00093104;0.00931036;0.09310363;0.93103631;9.31036312
515nm;0.00093975;0.00939752;0.09397523;0.93975228;9.39752285
516nm;0.00094850;0.00948497;0.09484968;0.94849675;9.48496754
517nm;0.00095727;0.00957271;0.09572711;0.95727108;9.57271077
518nm;0.00096607;0.00966074;0.09660739;0.96607390;9.66073898
519nm;0.00097491;0.00974905;0.09749052;0.97490521;9.74905215
520nm;0.00098377;0.00983765;0.09837650;0.98376503;9.83765029
521nm;0.00099265;0.00992652;0.09926520;0.99265198;9.92651983
522nm;0.00100157;0.01001566;0.10015661;1.00156608;10.01566076
523nm;0.00101051;0.01010507;0.10105073;1.01050731;10.10507310
524nm;0.00101948;0.01019476;0.10194757;1.01947568;10.19475683
525nm;0.00102847;0.01028470;0.10284698;1.02846984;10.28469840
526nm;0.00103749;0.01037491;0.10374911;1.03749114;10.37491136
527nm;0.00104654;0.01046537;0.10465369;1.04653686;10.46536858
528nm;0.00105561;0.01055608;0.10556084;1.05560836;10.55608363
529nm;0.00106470;0.01064704;0.10647043;1.06470429;10.64704294
530nm;0.00107382;0.01073825;0.10738247;1.07382465;10.73824651
531nm;0.00108297;0.01082969;0.10829694;1.08296943;10.82969434
532nm;0.00109214;0.01092137;0.10921373;1.09213729;10.92137285
533nm;0.00110133;0.01101330;0.11013296;1.10132956;11.01329563
534nm;0.00111054;0.01110545;0.11105449;1.11054491;11.10544909
535nm;0.00111978;0.01119782;0.11197820;1.11978197;11.19781967
536nm;0.00112904;0.01129042;0.11290421;1.12904209;11.29042095
537nm;0.00113832;0.01138323;0.11383226;1.13832258;11.38322577
538nm;0.00114763;0.01147626;0.11476261;1.14762613;11.47626128
539nm;0.00115695;0.01156951;0.11569514;1.15695139;11.56951391
540nm;0.00116630;0.01166296;0.11662957;1.16629565;11.66295651
541nm;0.00117566;0.01175662;0.11756616;1.17566162;11.75661624
542nm;0.00118505;0.01185047;0.11850466;1.18504659;11.85046595
543nm;0.00119445;0.01194452;0.11944519;1.19445192;11.94451920
544nm;0.00120388;0.01203878;0.12038776;1.20387760;12.03877601
545nm;0.00121332;0.01213321;0.12133209;1.21332092;12.13320922
546nm;0.00122278;0.01222783;0.12227832;1.22278324;12.22783242
547nm;0.00123226;0.01232263;0.12322632;1.23226320;12.32263202
548nm;0.00124176;0.01241761;0.12417608;1.24176080;12.41760803
549nm;0.00125128;0.01251277;0.12512774;1.25127740;12.51277402
550nm;0.00126081;0.01260810;0.12608103;1.26081029;12.60810285
551nm;0.00127036;0.01270359;0.12703595;1.27035945;12.70359452
552nm;0.00127992;0.01279925;0.12799249;1.27992490;12.79924903
553nm;0.00128951;0.01289507;0.12895066;1.28950664;12.89506638
554nm;0.00129910;0.01299103;0.12991033;1.29910330;12.99103299
555nm;0.00130872;0.01308716;0.13087162;1.30871625;13.08716245
556nm;0.00131834;0.01318344;0.13183441;1.31834412;13.18344118
557nm;0.00132799;0.01327986;0.13279856;1.32798556;13.27985560
558nm;0.00133764;0.01337642;0.13376419;1.33764193;13.37641930
559nm;0.00134731;0.01347311;0.13473105;1.34731051;13.47310512
560nm;0.00135699;0.01356994;0.13569940;1.35699402;13.56994021
561nm;0.00136670;0.01366697;0.13666965;1.36669653;13.66696529
562nm;0.00137640;0.01376399;0.13763990;1.37639904;13.76399036
563nm;0.00138612;0.01386115;0.13861151;1.38611511;13.86115113
564nm;0.00139586;0.01395858;0.13958583;1.39585833;13.95858330
565nm;0.00140560;0.01405602;0.14056015;1.40560155;14.05601547
566nm;0.00141536;0.01415358;0.14153583;1.41535833;14.15358334
567nm;0.00142512;0.01425115;0.14251151;1.42511512;14.25115121
568nm;0.00143490;0.01434899;0.14348990;1.43489905;14.34899048
569nm;0.00144468;0.01444683;0.14446830;1.44468297;14.44682975
570nm;0.00145448;0.01454480;0.14544805;1.45448047;14.54480472
571nm;0.00146428;0.01464278;0.14642780;1.46427797;14.64277969
572nm;0.00147410;0.01474103;0.14741026;1.47410261;14.74102605
573nm;0.00148393;0.01483927;0.14839272;1.48392724;14.83927242
574nm;0.00149375;0.01493752;0.14937519;1.49375188;14.93751879
575nm;0.00150359;0.01503590;0.15035901;1.50359009;15.03590085
576nm;0.00151344;0.01513442;0.15134419;1.51344186;15.13441862
577nm;0.00152329;0.01523294;0.15232936;1.52329364;15.23293639
578nm;0.00153316;0.01533159;0.15331590;1.53315899;15.33158985
579nm;0.00154302;0.01543024;0.15430243;1.54302433;15.43024332
580nm;0.00155289;0.01552890;0.15528897;1.55288968;15.52889678
581nm;0.00156277;0.01562769;0.15627686;1.56276859;15.62768595
582nm;0.00157266;0.01572661;0.15726611;1.57266108;15.72661081
583nm;0.00158255;0.01582554;0.15825536;1.58255357;15.82553568
584nm;0.00159245;0.01592446;0.15924461;1.59244605;15.92446054
585nm;0.00160234;0.01602339;0.16023385;1.60233854;16.02338540
586nm;0.00161224;0.01612245;0.16122446;1.61224460;16.12244597
587nm;0.00162215;0.01622151;0.16221507;1.62215065;16.22150653
588nm;0.00163206;0.01632057;0.16320567;1.63205671;16.32056709
589nm;0.00164198;0.01641976;0.16419763;1.64197634;16.41976336
590nm;0.00165188;0.01651882;0.16518824;1.65188239;16.51882392
591nm;0.00166180;0.01661802;0.16618020;1.66180202;16.61802018
592nm;0.00167172;0.01671722;0.16717216;1.67172164;16.71721645
593nm;0.00168164;0.01681641;0.16816413;1.68164127;16.81641271
594nm;0.00169156;0.01691561;0.16915609;1.69156090;16.91560897
595nm;0.00170148;0.01701481;0.17014805;1.70148052;17.01480524
596nm;0.00171141;0.01711414;0.17114137;1.71141372;17.11413720
597nm;0.00172133;0.01721333;0.17213333;1.72133335;17.21333346
598nm;0.00173125;0.01731253;0.17312530;1.73125297;17.31252972
599nm;0.00174119;0.01741186;0.17411862;1.74118617;17.41186169
600nm;0.00175111;0.01751106;0.17511058;1.75110579;17.51105795
601nm;0.00176103;0.01761025;0.17610254;1.76102542;17.61025421
602nm;0.00177095;0.01770945;0.17709450;1.77094505;17.70945048
603nm;0.00178086;0.01780865;0.17808647;1.78086467;17.80864674
604nm;0.00179077;0.01790771;0.17907707;1.79077073;17.90770730
605nm;0.00180069;0.01800690;0.18006904;1.80069036;18.00690356
606nm;0.00181060;0.01810596;0.18105964;1.81059641;18.10596413
607nm;0.00182050;0.01820502;0.18205025;1.82050247;18.20502469
608nm;0.00183041;0.01830409;0.18304085;1.83040853;18.30408526
609nm;0.00184031;0.01840315;0.18403146;1.84031458;18.40314582
610nm;0.00185021;0.01850207;0.18502071;1.85020707;18.50207068
611nm;0.00186010;0.01860100;0.18600996;1.86009955;18.60099555
612nm;0.00186999;0.01869992;0.18699920;1.86999204;18.69992041
613nm;0.00187987;0.01879871;0.18798710;1.87987096;18.79870958
614nm;0.00188975;0.01889750;0.18897499;1.88974987;18.89749874
615nm;0.00189963;0.01899629;0.18996288;1.89962879;18.99628791
616nm;0.00190949;0.01909494;0.19094941;1.90949414;19.09494137
617nm;0.00191935;0.01919346;0.19193459;1.91934591;19.19345914
618nm;0.00192920;0.01929198;0.19291977;1.92919769;19.29197690
619nm;0.00193905;0.01939049;0.19390495;1.93904947;19.39049467
620nm;0.00194889;0.01948888;0.19488877;1.94888767;19.48887673
621nm;0.00195873;0.01958726;0.19587259;1.95872588;19.58725880
622nm;0.00196855;0.01968551;0.19685505;1.96855052;19.68550517
623nm;0.00197836;0.01978362;0.19783616;1.97836158;19.78361584
624nm;0.00198817;0.01988173;0.19881727;1.98817265;19.88172650
625nm;0.00199797;0.01997970;0.19979701;1.99797015;19.97970147
626nm;0.00200777;0.02007768;0.20077676;2.00776764;20.07767644
627nm;0.00201755;0.02017552;0.20175516;2.01755157;20.17551571
628nm;0.00202732;0.02027322;0.20273219;2.02732193;20.27321928
629nm;0.00203708;0.02037079;0.20370787;2.03707871;20.37078715
630nm;0.00204684;0.02046836;0.20468355;2.04683550;20.46835502
631nm;0.00205658;0.02056579;0.20565787;2.05657872;20.56578719
632nm;0.00206631;0.02066308;0.20663084;2.06630837;20.66308366
633nm;0.00207604;0.02076038;0.20760380;2.07603801;20.76038013
634nm;0.00208575;0.02085754;0.20857541;2.08575409;20.85754090
635nm;0.00209544;0.02095443;0.20954430;2.09544303;20.95443028
636nm;0.00210513;0.02105132;0.21051320;2.10513197;21.05131965
637nm;0.00211481;0.02114807;0.21148073;2.11480733;21.14807333
638nm;0.00212448;0.02124483;0.21244827;2.12448270;21.24482700
639nm;0.00213413;0.02134131;0.21341309;2.13413093;21.34130927
640nm;0.00214377;0.02143766;0.21437656;2.14376558;21.43765585
641nm;0.00215340;0.02153400;0.21534002;2.15340024;21.53400242
642nm;0.00216301;0.02163008;0.21630078;2.16300776;21.63007760
643nm;0.00217260;0.02172602;0.21726017;2.17260171;21.72601708
644nm;0.00218220;0.02182196;0.21821957;2.18219566;21.82195656
645nm;0.00219176;0.02191762;0.21917625;2.19176246;21.91762463
646nm;0.00220133;0.02201329;0.22013293;2.20132927;22.01329271
647nm;0.00221087;0.02210869;0.22108689;2.21086894;22.10868939
648nm;0.00222040;0.02220395;0.22203950;2.22039504;22.20395037
649nm;0.00222991;0.02229908;0.22299076;2.22990757;22.29907565
650nm;0.00223942;0.02239420;0.22394201;2.23942009;22.39420093
651nm;0.00224889;0.02248892;0.22488919;2.24889191;22.48891912
652nm;0.00225836;0.02258364;0.22583637;2.25836373;22.58363730
653nm;0.00226782;0.02267822;0.22678220;2.26782198;22.67821978
654nm;0.00227725;0.02277253;0.22772531;2.27725309;22.77253087
655nm;0.00228667;0.02286671;0.22866706;2.28667063;22.86670625
656nm;0.00229607;0.02296075;0.22960746;2.29607459;22.96074594
657nm;0.00230547;0.02305465;0.23054650;2.30546499;23.05464992
658nm;0.00231484;0.02314842;0.23148418;2.31484182;23.14841821
659nm;0.00232419;0.02324192;0.23241915;2.32419151;23.24191510
660nm;0.00233353;0.02333528;0.23335276;2.33352763;23.33527629
661nm;0.00234285;0.02342850;0.23428502;2.34285018;23.42850178
662nm;0.00235215;0.02352146;0.23521456;2.35214559;23.52145587
663nm;0.00236143;0.02361427;0.23614274;2.36142743;23.61427426
664nm;0.00237070;0.02370696;0.23706957;2.37069570;23.70695695
665nm;0.00237994;0.02379937;0.23799368;2.37993682;23.79936824
666nm;0.00238916;0.02389164;0.23891644;2.38916438;23.89164384
667nm;0.00239836;0.02398365;0.23983648;2.39836480;23.98364803
668nm;0.00240757;0.02407565;0.24075652;2.40756522;24.07565223
669nm;0.00241672;0.02416725;0.24167249;2.41672493;24.16724932
670nm;0.00242588;0.02425885;0.24258846;2.42588464;24.25884642
671nm;0.00243500;0.02435004;0.24350036;2.43500364;24.35003642
672nm;0.00244412;0.02444123;0.24441226;2.44412264;24.44122642
673nm;0.00245321;0.02453215;0.24532145;2.45321450;24.53214502
674nm;0.00246228;0.02462279;0.24622792;2.46227922;24.62279222
675nm;0.00247133;0.02471330;0.24713304;2.47133037;24.71330372
676nm;0.00248035;0.02480354;0.24803544;2.48035438;24.80354382
677nm;0.00248936;0.02489365;0.24893648;2.48936482;24.89364822
678nm;0.00249835;0.02498348;0.24983481;2.49834812;24.98348123
679nm;0.00250732;0.02507318;0.25073179;2.50731785;25.07317853
680nm;0.00251626;0.02516260;0.25162604;2.51626044;25.16260444
681nm;0.00252519;0.02525189;0.25251895;2.52518946;25.25189464
682nm;0.00253409;0.02534091;0.25340913;2.53409135;25.34091345
683nm;0.00254297;0.02542966;0.25429661;2.54296609;25.42966086
684nm;0.00255183;0.02551827;0.25518273;2.55182726;25.51827257
685nm;0.00256066;0.02560661;0.25606613;2.56066129;25.60661288
686nm;0.00256947;0.02569468;0.25694682;2.56946818;25.69468179
687nm;0.00257826;0.02578262;0.25782615;2.57826150;25.78261501
688nm;0.00258703;0.02587028;0.25870277;2.58702768;25.87027682
689nm;0.00259577;0.02595767;0.25957667;2.59576672;25.95766723
690nm;0.00260449;0.02604492;0.26044922;2.60449220;26.04492195
691nm;0.00261319;0.02613191;0.26131905;2.61319053;26.13190527
692nm;0.00262186;0.02621862;0.26218617;2.62186172;26.21861718
693nm;0.00263052;0.02630519;0.26305193;2.63051934;26.30519340
694nm;0.00263914;0.02639136;0.26391363;2.63913625;26.39136252
695nm;0.00264774;0.02647740;0.26477396;2.64773959;26.47739594
696nm;0.00265632;0.02656316;0.26563158;2.65631580;26.56315797
697nm;0.00266488;0.02664878;0.26648784;2.66487843;26.64878429
698nm;0.00267340;0.02673400;0.26734004;2.67340035;26.73400351
699nm;0.00268191;0.02681909;0.26819087;2.68190870;26.81908704
700nm;0.00269039;0.02690390;0.26903899;2.69038992;26.90389917
701nm;0.00269884;0.02698844;0.26988440;2.69884399;26.98843989
702nm;0.00270728;0.02707284;0.27072845;2.70728449;27.07284492
703nm;0.00271568;0.02715684;0.27156843;2.71568429;27.15684285
704nm;0.00272407;0.02724071;0.27240705;2.72407051;27.24070508
705nm;0.00273243;0.02732430;0.27324296;2.73242959;27.32429591
706nm;0.00274075;0.02740748;0.27407480;2.74074796;27.40747965
707nm;0.00274905;0.02749053;0.27490528;2.74905277;27.49052768
708nm;0.00275734;0.02757344;0.27573440;2.75734400;27.57344002
709nm;0.00276559;0.02765595;0.27655945;2.76559453;27.65594525
710nm;0.00277382;0.02773818;0.27738179;2.77381791;27.73817909
711nm;0.00278201;0.02782014;0.27820142;2.78201415;27.82014153
712nm;0.00279020;0.02790197;0.27901968;2.79019683;27.90196827
713nm;0.00279834;0.02798339;0.27983388;2.79833879;27.98338791
714nm;0.00280647;0.02806467;0.28064672;2.80646719;28.06467185
715nm;0.00281455;0.02814555;0.28145549;2.81455487;28.14554870
716nm;0.00282263;0.02822629;0.28226290;2.82262898;28.22628984
717nm;0.00283068;0.02830676;0.28306760;2.83067596;28.30675958
718nm;0.00283868;0.02838682;0.28386822;2.83868222;28.38682223
719nm;0.00284667;0.02846675;0.28466749;2.84667492;28.46674918
720nm;0.00285464;0.02854640;0.28546405;2.85464047;28.54640473
721nm;0.00286257;0.02862565;0.28625653;2.86256532;28.62565318
722nm;0.00287048;0.02870477;0.28704766;2.87047659;28.70476593
723nm;0.00287835;0.02878347;0.28783472;2.87834716;28.78347158
724nm;0.00288620;0.02886204;0.28862042;2.88620415;28.86204154
725nm;0.00289403;0.02894034;0.28940340;2.89403401;28.94034009
726nm;0.00290182;0.02901823;0.29018232;2.90182316;29.01823155
727nm;0.00290960;0.02909599;0.29095987;2.90959873;29.09598731
728nm;0.00291733;0.02917334;0.29173336;2.91733360;29.17333597
729nm;0.00292504;0.02925041;0.29250413;2.92504132;29.25041323
730nm;0.00293274;0.02932735;0.29327355;2.93273548;29.32735479
731nm;0.00294039;0.02940389;0.29403889;2.94038893;29.40388925
732nm;0.00294802;0.02948015;0.29480152;2.94801523;29.48015232
733nm;0.00295561;0.02955614;0.29556144;2.95561440;29.55614398
734nm;0.00296319;0.02963186;0.29631864;2.96318642;29.63186425
735nm;0.00297073;0.02970731;0.29707313;2.97073131;29.70731311
736nm;0.00297824;0.02978235;0.29782355;2.97823549;29.78235488
737nm;0.00298573;0.02985726;0.29857261;2.98572610;29.85726095
738nm;0.00299318;0.02993176;0.29931760;2.99317599;29.93175993
739nm;0.00300061;0.03000612;0.30006123;3.00061232;30.00612320
740nm;0.00300801;0.03008008;0.30080079;3.00800794;30.08007937
741nm;0.00301538;0.03015376;0.30153764;3.01537641;30.15376415
742nm;0.00302272;0.03022718;0.30227178;3.02271775;30.22717752
743nm;0.00303003;0.03030032;0.30300320;3.03003195;30.30031950
744nm;0.00303731;0.03037305;0.30373054;3.03730544;30.37305438
745nm;0.00304457;0.03044565;0.30445654;3.04456536;30.44565356
746nm;0.00305178;0.03051785;0.30517846;3.05178456;30.51784564
747nm;0.00305898;0.03058977;0.30589766;3.05897663;30.58976633
748nm;0.00306614;0.03066142;0.30661416;3.06614156;30.66141561
749nm;0.00307328;0.03073279;0.30732793;3.07327935;30.73279350
750nm;0.00308038;0.03080376;0.30803764;3.08037643;30.80376428
751nm;0.00308746;0.03087460;0.30874599;3.08745994;30.87459937
752nm;0.00309450;0.03094503;0.30945027;3.09450274;30.94502736
753nm;0.00310152;0.03101518;0.31015184;3.10151840;31.01518395
754nm;0.00310851;0.03108507;0.31085069;3.10850691;31.08506914
755nm;0.00311545;0.03115455;0.31154547;3.11545472;31.15454724
756nm;0.00312239;0.03122389;0.31223890;3.12238896;31.22388963
757nm;0.00312928;0.03129282;0.31292825;3.12928249;31.29282493
758nm;0.00313615;0.03136149;0.31361489;3.13614888;31.36148883
759nm;0.00314299;0.03142988;0.31429881;3.14298813;31.42988132
760nm;0.00314979;0.03149787;0.31497867;3.14978667;31.49786673
761nm;0.00315657;0.03156572;0.31565716;3.15657164;31.56571643
762nm;0.00316332;0.03163316;0.31633159;3.16331590;31.63315903
763nm;0.00317002;0.03170019;0.31700195;3.17001945;31.70019453
764nm;0.00317671;0.03176709;0.31767094;3.17670943;31.76709434
765nm;0.00318336;0.03183359;0.31833587;3.18335870;31.83358705
766nm;0.00318999;0.03189994;0.31899944;3.18999441;31.89994405
767nm;0.00319659;0.03196589;0.31965894;3.19658940;31.96589396
768nm;0.00320314;0.03203144;0.32031437;3.20314368;32.03143677
769nm;0.00320968;0.03209684;0.32096844;3.20968439;32.09684389
770nm;0.00321618;0.03216184;0.32161844;3.21618439;32.16184390
771nm;0.00322266;0.03222657;0.32226573;3.22265725;32.22657251
772nm;0.00322909;0.03229089;0.32290894;3.22908940;32.29089403
773nm;0.00323551;0.03235508;0.32355080;3.23550798;32.35507985
774nm;0.00324189;0.03241886;0.32418859;3.24188586;32.41885857
775nm;0.00324824;0.03248237;0.32482366;3.24823659;32.48236589
776nm;0.00325456;0.03254560;0.32545602;3.25456018;32.54560181
777nm;0.00326084;0.03260843;0.32608431;3.26084306;32.60843063
778nm;0.00326710;0.03267099;0.32670988;3.26709881;32.67098806
779nm;0.00327333;0.03273327;0.32733274;3.27332741;32.73327408
780nm;0.00327952;0.03279515;0.32795153;3.27951530;32.79515301